Field1,LATITUDE,LONGITUDE,BRIGHTNESS,SCAN,TRACK,ACQ_DATE,ACQ_TIME,SATELLITE,INSTRUMENT,CONFIDENCE,VERSION,BRIGHT_T31,FRP,DAYNIGHT,TYPE,X,Y,Date
16,33.717269000000002,-117.695223999999996,NA,5730,7253,7/9/2022 0:00:00,1828,L8,OLI,L,NA,NA,NA,D,NA,-117.695211939999993,33.717264100000001,7/9/2022
20,33.717269000000002,-117.695223999999996,NA,7040,1973,7/9/2022 0:00:00,1828,L8,OLI,L,NA,NA,NA,D,NA,-117.695211939999993,33.717264100000001,7/9/2022
29,33.717540000000000,-117.695227000000003,NA,7120,1972,8/2/2022 0:00:00,1828,L9,OLI-2,H,NA,NA,NA,D,NA,-117.695214940000000,33.717535099999999,8/2/2022
32,33.717269000000002,-117.695223999999996,NA,2260,1893,8/3/2022 0:00:00,1823,L8,OLI,L,NA,NA,NA,D,NA,-117.695211939999993,33.717264100000001,8/3/2022
42,33.717540000000000,-117.695227000000003,NA,2300,1892,8/11/2022 0:00:00,1822,L9,OLI-2,L,NA,NA,NA,D,NA,-117.695214940000000,33.717535099999999,8/11/2022
45,33.717269000000002,-117.695223999999996,NA,7130,1973,8/18/2022 0:00:00,1828,L9,OLI-2,H,NA,NA,NA,D,NA,-117.695211939999993,33.717264100000001,8/18/2022
48,33.717269000000002,-117.695223999999996,NA,5820,7243,8/18/2022 0:00:00,1828,L9,OLI-2,H,NA,NA,NA,D,NA,-117.695211939999993,33.717264100000001,8/18/2022
60,33.717269000000002,-117.695223999999996,NA,2260,1893,8/27/2022 0:00:00,1822,L9,OLI-2,L,NA,NA,NA,D,NA,-117.695211939999993,33.717264100000001,8/27/2022
62,33.717540000000000,-117.695227000000003,NA,7070,1972,9/3/2022 0:00:00,1828,L9,OLI-2,H,NA,NA,NA,D,NA,-117.695214940000000,33.717535099999999,9/3/2022
71,33.717540000000000,-117.695227000000003,NA,5760,7242,9/3/2022 0:00:00,1828,L9,OLI-2,H,NA,NA,NA,D,NA,-117.695214940000000,33.717535099999999,9/3/2022
82,33.717269000000002,-117.695223999999996,NA,2220,1893,9/12/2022 0:00:00,1822,L9,OLI-2,H,NA,NA,NA,D,NA,-117.695211939999993,33.717264100000001,9/12/2022
86,33.717269000000002,-117.695223999999996,NA,2250,1893,9/28/2022 0:00:00,1822,L9,OLI-2,H,NA,NA,NA,D,NA,-117.695211939999993,33.717264100000001,9/28/2022
95,33.717269000000002,-117.695223999999996,NA,5740,7243,10/5/2022 0:00:00,1828,L9,OLI-2,H,NA,NA,NA,D,NA,-117.695211939999993,33.717264100000001,10/5/2022
113,33.717269000000002,-117.695223999999996,NA,5800,7253,10/29/2022 0:00:00,1828,L8,OLI,M,NA,NA,NA,D,NA,-117.695211939999993,33.717264100000001,10/29/2022
114,33.717540000000000,-117.695227000000003,NA,5800,7252,10/29/2022 0:00:00,1828,L8,OLI,M,NA,NA,NA,D,NA,-117.695214940000000,33.717535099999999,10/29/2022
123,33.717269000000002,-117.695223999999996,NA,7120,1973,10/29/2022 0:00:00,1829,L8,OLI,M,NA,NA,NA,D,NA,-117.695211939999993,33.717264100000001,10/29/2022
124,33.717540000000000,-117.695227000000003,NA,7120,1972,10/29/2022 0:00:00,1829,L8,OLI,M,NA,NA,NA,D,NA,-117.695214940000000,33.717535099999999,10/29/2022
136,33.717540000000000,-117.695227000000003,NA,5760,7242,11/6/2022 0:00:00,1828,L9,OLI-2,M,NA,NA,NA,D,NA,-117.695214940000000,33.717535099999999,11/6/2022
137,33.717269000000002,-117.695223999999996,NA,5760,7243,11/6/2022 0:00:00,1828,L9,OLI-2,L,NA,NA,NA,D,NA,-117.695211939999993,33.717264100000001,11/6/2022
143,33.717540000000000,-117.695227000000003,NA,7070,1972,11/6/2022 0:00:00,1829,L9,OLI-2,M,NA,NA,NA,D,NA,-117.695214940000000,33.717535099999999,11/6/2022
144,33.717269000000002,-117.695223999999996,NA,7070,1973,11/6/2022 0:00:00,1829,L9,OLI-2,L,NA,NA,NA,D,NA,-117.695211939999993,33.717264100000001,11/6/2022
152,33.717269000000002,-117.695223999999996,NA,5750,7253,11/14/2022 0:00:00,1828,L8,OLI,H,NA,NA,NA,D,NA,-117.695211939999993,33.717264100000001,11/14/2022
163,33.717269000000002,-117.695223999999996,NA,7070,1973,11/14/2022 0:00:00,1829,L8,OLI,H,NA,NA,NA,D,NA,-117.695211939999993,33.717264100000001,11/14/2022
168,33.717269000000002,-117.695223999999996,NA,2260,1893,11/15/2022 0:00:00,1823,L9,OLI-2,H,NA,NA,NA,D,NA,-117.695211939999993,33.717264100000001,11/15/2022
189,38.588458000000003,-75.450273999999993,NA,3650,5087,2/5/2023 0:00:00,1540,L8,OLI,M,NA,NA,NA,D,NA,-75.450272249999998,38.588450180000002,2/5/2023
197,38.588186000000000,-75.450616999999994,NA,3709,5088,2/13/2023 0:00:00,1540,L9,OLI-2,M,NA,NA,NA,D,NA,-75.450615249999998,38.588178180000000,2/13/2023
202,33.717540000000000,-117.695227000000003,NA,5830,7242,2/26/2023 0:00:00,1828,L9,OLI-2,M,NA,NA,NA,D,NA,-117.695214940000000,33.717535099999999,2/26/2023
203,33.717269000000002,-117.695223999999996,NA,5830,7243,2/26/2023 0:00:00,1828,L9,OLI-2,M,NA,NA,NA,D,NA,-117.695211939999993,33.717264100000001,2/26/2023
204,33.717540000000000,-117.695227000000003,NA,7140,1962,2/26/2023 0:00:00,1829,L9,OLI-2,M,NA,NA,NA,D,NA,-117.695214940000000,33.717535099999999,2/26/2023
205,33.717269000000002,-117.695223999999996,NA,7140,1963,2/26/2023 0:00:00,1829,L9,OLI-2,M,NA,NA,NA,D,NA,-117.695211939999993,33.717264100000001,2/26/2023
206,38.588456000000001,-75.450619000000003,NA,3609,5087,3/1/2023 0:00:00,1540,L9,OLI-2,L,NA,NA,NA,D,NA,-75.450617249999993,38.588448180000000,3/1/2023
235,39.839084000000000,-84.906166999999996,NA,1779,5724,4/12/2023 0:00:00,1616,L9,OLI-2,H,NA,NA,NA,D,NA,-84.906162269999996,39.839076319999997,4/12/2023
236,39.838813999999999,-84.906175000000005,NA,1779,5725,4/12/2023 0:00:00,1616,L9,OLI-2,H,NA,NA,NA,D,NA,-84.906170270000004,39.838806320000003,4/12/2023
237,39.839077000000003,-84.905816999999999,NA,1780,5724,4/12/2023 0:00:00,1616,L9,OLI-2,H,NA,NA,NA,D,NA,-84.905812269999998,39.839069320000000,4/12/2023
238,39.838807000000003,-84.905824999999993,NA,1780,5725,4/12/2023 0:00:00,1616,L9,OLI-2,H,NA,NA,NA,D,NA,-84.905820270000007,39.838799320000000,4/12/2023
239,39.838537000000002,-84.905833000000001,NA,1780,5726,4/12/2023 0:00:00,1616,L9,OLI-2,H,NA,NA,NA,D,NA,-84.905828270000001,39.838529319999999,4/12/2023
240,39.838267000000002,-84.905840999999995,NA,1780,5727,4/12/2023 0:00:00,1616,L9,OLI-2,H,NA,NA,NA,D,NA,-84.905836269999995,39.838259319999999,4/12/2023
241,39.837997000000001,-84.905850000000001,NA,1780,5728,4/12/2023 0:00:00,1616,L9,OLI-2,H,NA,NA,NA,D,NA,-84.905845270000000,39.837989319999998,4/12/2023
242,39.837727000000001,-84.905857999999995,NA,1780,5729,4/12/2023 0:00:00,1616,L9,OLI-2,H,NA,NA,NA,D,NA,-84.905853269999994,39.837719319999998,4/12/2023
243,39.837457000000001,-84.905866000000003,NA,1780,5730,4/12/2023 0:00:00,1616,L9,OLI-2,M,NA,NA,NA,D,NA,-84.905861270000003,39.837449319999997,4/12/2023
244,39.839070999999997,-84.905466000000004,NA,1781,5724,4/12/2023 0:00:00,1616,L9,OLI-2,H,NA,NA,NA,D,NA,-84.905461270000004,39.839063320000001,4/12/2023
245,39.838800999999997,-84.905474999999996,NA,1781,5725,4/12/2023 0:00:00,1616,L9,OLI-2,H,NA,NA,NA,D,NA,-84.905470269999995,39.838793320000001,4/12/2023
246,39.838531000000003,-84.905483000000004,NA,1781,5726,4/12/2023 0:00:00,1616,L9,OLI-2,H,NA,NA,NA,D,NA,-84.905478270000003,39.838523320000000,4/12/2023
247,39.838261000000003,-84.905490999999998,NA,1781,5727,4/12/2023 0:00:00,1616,L9,OLI-2,H,NA,NA,NA,D,NA,-84.905486269999997,39.838253320000000,4/12/2023
248,39.837991000000002,-84.905499000000006,NA,1781,5728,4/12/2023 0:00:00,1616,L9,OLI-2,H,NA,NA,NA,D,NA,-84.905494270000005,39.837983319999999,4/12/2023
249,39.837721000000002,-84.905507000000000,NA,1781,5729,4/12/2023 0:00:00,1616,L9,OLI-2,H,NA,NA,NA,D,NA,-84.905502269999999,39.837713319999999,4/12/2023
250,39.837449999999997,-84.905516000000006,NA,1781,5730,4/12/2023 0:00:00,1616,L9,OLI-2,H,NA,NA,NA,D,NA,-84.905511270000005,39.837442320000001,4/12/2023
251,39.838794999999998,-84.905124000000001,NA,1782,5725,4/12/2023 0:00:00,1616,L9,OLI-2,M,NA,NA,NA,D,NA,-84.905119270000000,39.838787320000002,4/12/2023
252,39.838524999999997,-84.905131999999995,NA,1782,5726,4/12/2023 0:00:00,1616,L9,OLI-2,H,NA,NA,NA,D,NA,-84.905127269999994,39.838517320000001,4/12/2023
253,39.838253999999999,-84.905141000000000,NA,1782,5727,4/12/2023 0:00:00,1616,L9,OLI-2,H,NA,NA,NA,D,NA,-84.905136270000000,39.838246320000003,4/12/2023
254,39.837983999999999,-84.905148999999994,NA,1782,5728,4/12/2023 0:00:00,1616,L9,OLI-2,H,NA,NA,NA,D,NA,-84.905144269999994,39.837976320000003,4/12/2023
255,39.838512000000001,-84.904432000000000,NA,1784,5726,4/12/2023 0:00:00,1616,L9,OLI-2,H,NA,NA,NA,D,NA,-84.904427269999999,39.838504319999998,4/12/2023
256,39.838242000000001,-84.904439999999994,NA,1784,5727,4/12/2023 0:00:00,1616,L9,OLI-2,H,NA,NA,NA,D,NA,-84.904435269999993,39.838234319999998,4/12/2023
257,39.837972000000001,-84.904448000000002,NA,1784,5728,4/12/2023 0:00:00,1616,L9,OLI-2,H,NA,NA,NA,D,NA,-84.904443270000002,39.837964319999998,4/12/2023
258,39.838506000000002,-84.904081000000005,NA,1785,5726,4/12/2023 0:00:00,1616,L9,OLI-2,H,NA,NA,NA,D,NA,-84.904076270000004,39.838498319999999,4/12/2023
259,39.838234999999997,-84.904088999999999,NA,1785,5727,4/12/2023 0:00:00,1616,L9,OLI-2,H,NA,NA,NA,D,NA,-84.904084269999998,39.838227320000001,4/12/2023
260,39.837964999999997,-84.904098000000005,NA,1785,5728,4/12/2023 0:00:00,1616,L9,OLI-2,H,NA,NA,NA,D,NA,-84.904093270000004,39.837957320000001,4/12/2023
261,39.838498999999999,-84.903730999999993,NA,1786,5726,4/12/2023 0:00:00,1616,L9,OLI-2,H,NA,NA,NA,D,NA,-84.903726270000007,39.838491320000003,4/12/2023
262,39.838228999999998,-84.903739000000002,NA,1786,5727,4/12/2023 0:00:00,1616,L9,OLI-2,H,NA,NA,NA,D,NA,-84.903734270000001,39.838221320000002,4/12/2023
263,39.837958999999998,-84.903746999999996,NA,1786,5728,4/12/2023 0:00:00,1616,L9,OLI-2,M,NA,NA,NA,D,NA,-84.903742269999995,39.837951320000002,4/12/2023
264,39.839084000000000,-84.906166999999996,NA,2909,404,4/12/2023 0:00:00,1617,L9,OLI-2,H,NA,NA,NA,D,NA,-84.906162269999996,39.839076319999997,4/12/2023
265,39.838813999999999,-84.906175000000005,NA,2909,405,4/12/2023 0:00:00,1617,L9,OLI-2,H,NA,NA,NA,D,NA,-84.906170270000004,39.838806320000003,4/12/2023
266,39.839077000000003,-84.905816999999999,NA,2910,404,4/12/2023 0:00:00,1617,L9,OLI-2,H,NA,NA,NA,D,NA,-84.905812269999998,39.839069320000000,4/12/2023
267,39.838807000000003,-84.905824999999993,NA,2910,405,4/12/2023 0:00:00,1617,L9,OLI-2,H,NA,NA,NA,D,NA,-84.905820270000007,39.838799320000000,4/12/2023
268,39.838537000000002,-84.905833000000001,NA,2910,406,4/12/2023 0:00:00,1617,L9,OLI-2,H,NA,NA,NA,D,NA,-84.905828270000001,39.838529319999999,4/12/2023
269,39.838267000000002,-84.905840999999995,NA,2910,407,4/12/2023 0:00:00,1617,L9,OLI-2,H,NA,NA,NA,D,NA,-84.905836269999995,39.838259319999999,4/12/2023
270,39.837997000000001,-84.905850000000001,NA,2910,408,4/12/2023 0:00:00,1617,L9,OLI-2,H,NA,NA,NA,D,NA,-84.905845270000000,39.837989319999998,4/12/2023
271,39.837727000000001,-84.905857999999995,NA,2910,409,4/12/2023 0:00:00,1617,L9,OLI-2,H,NA,NA,NA,D,NA,-84.905853269999994,39.837719319999998,4/12/2023
272,39.837457000000001,-84.905866000000003,NA,2910,410,4/12/2023 0:00:00,1617,L9,OLI-2,M,NA,NA,NA,D,NA,-84.905861270000003,39.837449319999997,4/12/2023
273,39.839070999999997,-84.905466000000004,NA,2911,404,4/12/2023 0:00:00,1617,L9,OLI-2,H,NA,NA,NA,D,NA,-84.905461270000004,39.839063320000001,4/12/2023
274,39.838800999999997,-84.905474999999996,NA,2911,405,4/12/2023 0:00:00,1617,L9,OLI-2,H,NA,NA,NA,D,NA,-84.905470269999995,39.838793320000001,4/12/2023
275,39.838531000000003,-84.905483000000004,NA,2911,406,4/12/2023 0:00:00,1617,L9,OLI-2,H,NA,NA,NA,D,NA,-84.905478270000003,39.838523320000000,4/12/2023
276,39.838261000000003,-84.905490999999998,NA,2911,407,4/12/2023 0:00:00,1617,L9,OLI-2,H,NA,NA,NA,D,NA,-84.905486269999997,39.838253320000000,4/12/2023
277,39.837991000000002,-84.905499000000006,NA,2911,408,4/12/2023 0:00:00,1617,L9,OLI-2,H,NA,NA,NA,D,NA,-84.905494270000005,39.837983319999999,4/12/2023
278,39.837721000000002,-84.905507000000000,NA,2911,409,4/12/2023 0:00:00,1617,L9,OLI-2,H,NA,NA,NA,D,NA,-84.905502269999999,39.837713319999999,4/12/2023
279,39.837449999999997,-84.905516000000006,NA,2911,410,4/12/2023 0:00:00,1617,L9,OLI-2,H,NA,NA,NA,D,NA,-84.905511270000005,39.837442320000001,4/12/2023
280,39.838794999999998,-84.905124000000001,NA,2912,405,4/12/2023 0:00:00,1617,L9,OLI-2,M,NA,NA,NA,D,NA,-84.905119270000000,39.838787320000002,4/12/2023
281,39.838524999999997,-84.905131999999995,NA,2912,406,4/12/2023 0:00:00,1617,L9,OLI-2,H,NA,NA,NA,D,NA,-84.905127269999994,39.838517320000001,4/12/2023
282,39.838253999999999,-84.905141000000000,NA,2912,407,4/12/2023 0:00:00,1617,L9,OLI-2,H,NA,NA,NA,D,NA,-84.905136270000000,39.838246320000003,4/12/2023
283,39.837983999999999,-84.905148999999994,NA,2912,408,4/12/2023 0:00:00,1617,L9,OLI-2,H,NA,NA,NA,D,NA,-84.905144269999994,39.837976320000003,4/12/2023
284,39.838512000000001,-84.904432000000000,NA,2914,406,4/12/2023 0:00:00,1617,L9,OLI-2,H,NA,NA,NA,D,NA,-84.904427269999999,39.838504319999998,4/12/2023
285,39.838242000000001,-84.904439999999994,NA,2914,407,4/12/2023 0:00:00,1617,L9,OLI-2,H,NA,NA,NA,D,NA,-84.904435269999993,39.838234319999998,4/12/2023
286,39.837972000000001,-84.904448000000002,NA,2914,408,4/12/2023 0:00:00,1617,L9,OLI-2,H,NA,NA,NA,D,NA,-84.904443270000002,39.837964319999998,4/12/2023
287,39.838506000000002,-84.904081000000005,NA,2915,406,4/12/2023 0:00:00,1617,L9,OLI-2,H,NA,NA,NA,D,NA,-84.904076270000004,39.838498319999999,4/12/2023
288,39.838234999999997,-84.904088999999999,NA,2915,407,4/12/2023 0:00:00,1617,L9,OLI-2,H,NA,NA,NA,D,NA,-84.904084269999998,39.838227320000001,4/12/2023
289,39.837964999999997,-84.904098000000005,NA,2915,408,4/12/2023 0:00:00,1617,L9,OLI-2,H,NA,NA,NA,D,NA,-84.904093270000004,39.837957320000001,4/12/2023
290,39.838498999999999,-84.903730999999993,NA,2916,406,4/12/2023 0:00:00,1617,L9,OLI-2,H,NA,NA,NA,D,NA,-84.903726270000007,39.838491320000003,4/12/2023
291,39.838228999999998,-84.903739000000002,NA,2916,407,4/12/2023 0:00:00,1617,L9,OLI-2,H,NA,NA,NA,D,NA,-84.903734270000001,39.838221320000002,4/12/2023
292,39.837958999999998,-84.903746999999996,NA,2916,408,4/12/2023 0:00:00,1617,L9,OLI-2,M,NA,NA,NA,D,NA,-84.903742269999995,39.837951320000002,4/12/2023
466,32.123896999999999,-110.881424999999993,NA,5400,2488,9/27/2023 0:00:00,1758,L8,OLI,H,NA,NA,NA,D,NA,-110.881414320000005,32.123891960000002,9/27/2023
467,32.124167000000000,-110.881423999999996,NA,5400,2487,9/27/2023 0:00:00,1758,L8,OLI,H,NA,NA,NA,D,NA,-110.881413319999993,32.124161960000002,9/27/2023
469,33.508977000000002,-111.777534000000003,NA,1410,2651,10/5/2023 0:00:00,1757,L9,OLI-2,M,NA,NA,NA,D,NA,-111.777523049999999,33.508971809999998,10/5/2023
470,33.508705999999997,-111.777531999999994,NA,1410,2652,10/5/2023 0:00:00,1757,L9,OLI-2,M,NA,NA,NA,D,NA,-111.777521050000004,33.508700810000001,10/5/2023
471,33.508978999999997,-111.777212000000006,NA,1411,2651,10/5/2023 0:00:00,1757,L9,OLI-2,M,NA,NA,NA,D,NA,-111.777201050000002,33.508973810000001,10/5/2023
519,30.338896999999999,-97.629306000000000,NA,4509,3726,11/7/2023 0:00:00,1703,L9,OLI-2,H,NA,NA,NA,D,NA,-97.629298419999998,30.338891719999999,11/7/2023
545,33.506785999999998,-111.781713999999994,NA,6267,2739,11/21/2023 0:00:00,1804,L8,OLI,L,NA,NA,NA,D,NA,-111.781703050000004,33.506780810000002,11/21/2023
546,33.506785999999998,-111.781713999999994,NA,1437,2659,11/22/2023 0:00:00,1758,L9,OLI-2,L,NA,NA,NA,D,NA,-111.781703050000004,33.506780810000002,11/22/2023
583,32.109563999999999,-110.894163000000006,NA,5410,2541,12/16/2023 0:00:00,1758,L8,OLI,H,NA,NA,NA,D,NA,-110.894152320000003,32.109558960000001,12/16/2023
611,35.277906999999999,-106.672469000000007,NA,5187,6809,2/4/2024 0:00:00,1744,L8,OLI,L,NA,NA,NA,D,NA,-106.672458969999994,35.277901280000002,2/4/2024
612,35.277906999999999,-106.672469000000007,NA,6557,1549,2/4/2024 0:00:00,1745,L8,OLI,L,NA,NA,NA,D,NA,-106.672458969999994,35.277901280000002,2/4/2024
685,45.477049000000001,-107.727228999999994,NA,1972,5985,4/14/2024 0:00:00,1754,L9,OLI-2,L,NA,NA,NA,D,NA,-107.727217440000004,45.477042050000001,4/14/2024
686,45.477040000000002,-107.727613000000005,NA,1971,5985,4/14/2024 0:00:00,1754,L9,OLI-2,H,NA,NA,NA,D,NA,-107.727601440000001,45.477033050000003,4/14/2024
687,45.477040000000002,-107.727613000000005,NA,3471,765,4/14/2024 0:00:00,1754,L9,OLI-2,H,NA,NA,NA,D,NA,-107.727601440000001,45.477033050000003,4/14/2024
703,33.717269000000002,-117.695223999999996,NA,5830,7253,5/11/2024 0:00:00,1827,L8,OLI,L,NA,NA,NA,D,NA,-117.695211939999993,33.717264100000001,5/11/2024
708,33.717269000000002,-117.695223999999996,NA,7140,1973,5/11/2024 0:00:00,1827,L8,OLI,L,NA,NA,NA,D,NA,-117.695211939999993,33.717264100000001,5/11/2024
719,33.717269000000002,-117.695223999999996,NA,5820,7243,5/19/2024 0:00:00,1827,L9,OLI-2,H,NA,NA,NA,D,NA,-117.695211939999993,33.717264100000001,5/19/2024
720,33.717269000000002,-117.695223999999996,NA,7130,1963,5/19/2024 0:00:00,1828,L9,OLI-2,H,NA,NA,NA,D,NA,-117.695211939999993,33.717264100000001,5/19/2024
728,33.717269000000002,-117.695223999999996,NA,7140,1973,5/27/2024 0:00:00,1827,L8,OLI,L,NA,NA,NA,D,NA,-117.695211939999993,33.717264100000001,5/27/2024
735,33.717269000000002,-117.695223999999996,NA,5830,7253,5/27/2024 0:00:00,1827,L8,OLI,L,NA,NA,NA,D,NA,-117.695211939999993,33.717264100000001,5/27/2024
737,33.717269000000002,-117.695223999999996,NA,2280,1883,5/28/2024 0:00:00,1821,L9,OLI-2,H,NA,NA,NA,D,NA,-117.695211939999993,33.717264100000001,5/28/2024
787,34.427300000000002,-77.796800000000005,317.6,,,8/7/2001 0:00:00,1631,Terra,MODIS,61,6.03,296.2,16.3,D,0,-77.796797740000002,34.427293140000003,8/7/2001
788,37.791200000000003,-122.296499999999995,341.9,1,1,5/23/2003 0:00:00,1024,Aqua,MODIS,100,6.03,288.4,74.8,N,2,-122.296486810000005,37.791194990000001,5/23/2003
789,37.788400000000003,-122.281700000000001,302,1,1,5/23/2003 0:00:00,1024,Aqua,MODIS,46,6.03,286.6,9.7,N,2,-122.281686809999997,37.788394990000000,5/23/2003
790,34.285699999999999,-118.787999999999997,304.8,2,2,10/26/2003 0:00:00,636,Terra,MODIS,62,6.03,294.6,20.4,N,2,-118.787987709999996,34.285695099999998,10/26/2003
791,34.299399999999999,-118.789900000000003,386.3,2,2,10/26/2003 0:00:00,636,Terra,MODIS,100,6.03,304.9,693.7,N,0,-118.789887710000002,34.299395099999998,10/26/2003
792,34.297300000000000,-118.816800000000001,319.1,2,2,10/26/2003 0:00:00,636,Terra,MODIS,98,6.03,294.6,55.9,N,2,-118.816787710000000,34.297295099999999,10/26/2003
793,34.291899999999998,-118.795500000000004,356,2,2,10/26/2003 0:00:00,636,Terra,MODIS,100,6.03,298.8,288.1,N,0,-118.795487710000003,34.291895099999998,10/26/2003
794,34.307600000000001,-118.770600000000002,379.7,2,2,10/26/2003 0:00:00,636,Terra,MODIS,100,6.03,309.1,585.1,N,0,-118.770587710000001,34.307595090000000,10/26/2003
795,34.305700000000002,-118.797200000000004,338.6,2,2,10/26/2003 0:00:00,636,Terra,MODIS,100,6.03,298,147.4,N,0,-118.797187710000003,34.305695100000001,10/26/2003
796,34.309500000000000,-118.778800000000004,315.7,3,2,10/26/2003 0:00:00,911,Aqua,MODIS,44,6.03,288.3,51.9,N,0,-118.778787710000003,34.309495089999999,10/26/2003
797,34.296799999999998,-118.814099999999996,349.9,3,2,10/26/2003 0:00:00,911,Aqua,MODIS,100,6.03,290.2,290.7,N,2,-118.814087709999995,34.296795099999997,10/26/2003
798,34.294800000000002,-118.781000000000006,394.1,3,2,10/26/2003 0:00:00,911,Aqua,MODIS,100,6.03,298.6,1058.6,N,0,-118.780987710000005,34.294795100000002,10/26/2003
799,34.308100000000003,-118.783600000000007,317.9,3,2,10/26/2003 0:00:00,911,Aqua,MODIS,59,6.03,288.3,61.3,N,0,-118.783587710000006,34.308095090000002,10/26/2003
800,34.293300000000002,-118.785600000000002,394.5,3,2,10/26/2003 0:00:00,911,Aqua,MODIS,100,6.03,298.7,1071.9,N,0,-118.785587710000001,34.293295100000002,10/26/2003
801,45.602699999999999,-107.475499999999997,315.1,1,1,4/1/2005 0:00:00,1817,Terra,MODIS,70,6.03,298,7.6,D,0,-107.475488479999996,45.602693010000003,4/1/2005
802,42.874299999999998,-106.278000000000006,306.6,2,1,5/2/2005 0:00:00,1735,Terra,MODIS,52,6.03,286,10.8,D,0,-106.277989199999993,42.874293219999998,5/2/2005
803,43.175199999999997,-123.389899999999997,344.2,1,1,9/26/2005 0:00:00,2122,Aqua,MODIS,70,6.03,307.3,48.3,D,0,-123.389885870000001,43.175194699999999,9/26/2005
804,33.735500000000002,-117.710499999999996,328,1,1,2/6/2007 0:00:00,2111,Aqua,MODIS,81,6.03,302.1,22.5,D,0,-117.710487939999993,33.735495100000001,2/6/2007
805,33.736899999999999,-117.699399999999997,318.6,1,1,2/6/2007 0:00:00,2111,Aqua,MODIS,71,6.03,299.4,11.4,D,0,-117.699387939999994,33.736895099999998,2/6/2007
806,33.438299999999998,-112.130899999999997,311.9,1,1,7/13/2007 0:00:00,523,Terra,MODIS,78,6.03,300.8,5.4,N,2,-112.130888979999995,33.438294839999998,7/13/2007
807,30.326899999999998,-97.632800000000003,316.6,1,1,10/17/2007 0:00:00,1726,Terra,MODIS,67,6.03,299.9,8.2,D,0,-97.632792420000001,30.326894719999999,10/17/2007
808,33.708300000000001,-117.709599999999995,402,1,1,10/22/2007 0:00:00,541,Terra,MODIS,100,6.03,302.5,415.7,N,2,-117.709587940000006,33.708295100000001,10/22/2007
810,33.715899999999998,-117.727000000000004,337.1,1,1,10/22/2007 0:00:00,541,Terra,MODIS,100,6.03,293.6,58.1,N,2,-117.726987940000001,33.715895099999997,10/22/2007
811,33.731499999999997,-117.699200000000005,363.3,1,1,10/22/2007 0:00:00,541,Terra,MODIS,100,6.03,295.2,147.2,N,0,-117.699187940000002,33.731495099999997,10/22/2007
812,33.712699999999998,-117.695800000000006,300.9,1,1,10/22/2007 0:00:00,956,Aqua,MODIS,35,6.03,290.9,5.5,N,0,-117.695787940000002,33.712695099999998,10/22/2007
814,33.721600000000002,-117.712500000000006,321.3,1,1,10/22/2007 0:00:00,956,Aqua,MODIS,89,6.03,290.7,20.8,N,2,-117.712487940000003,33.721595100000002,10/22/2007
815,33.727100000000000,-117.687500000000000,324.7,1,1,10/22/2007 0:00:00,956,Aqua,MODIS,72,6.03,290.4,24.4,N,0,-117.687487939999997,33.727095100000000,10/22/2007
816,34.985399999999998,-82.149799999999999,312.1,1,1,3/12/2008 0:00:00,1617,Terra,MODIS,71,6.03,293.7,7.8,D,0,-82.149796409999993,34.985393170000002,3/12/2008
817,43.191200000000002,-123.379599999999996,322.7,1,1,8/28/2008 0:00:00,1002,Aqua,MODIS,100,6.03,287.4,34.4,N,0,-123.379585870000000,43.191194690000003,8/28/2008
818,34.427700000000002,-77.763499999999993,315.1,1,1,7/8/2009 0:00:00,1828,Aqua,MODIS,63,6.03,298.4,7.5,D,0,-77.763497749999999,34.427693140000002,7/8/2009
819,33.515000000000001,-111.774500000000003,323.3,2,1,10/13/2010 0:00:00,1839,Terra,MODIS,68,6.03,310.6,14.1,D,0,-111.774489050000000,33.514994809999997,10/13/2010
820,33.504199999999997,-111.777400000000000,338.9,2,1,10/13/2010 0:00:00,1839,Terra,MODIS,87,6.03,311,53.7,D,0,-111.777389049999996,33.504194810000001,10/13/2010
821,33.499400000000001,-111.784099999999995,326.2,2,1,10/13/2010 0:00:00,2016,Aqua,MODIS,69,6.03,313.3,21.9,D,0,-111.784089050000006,33.499394809999998,10/13/2010
822,34.439000000000000,-77.766000000000005,312.2,3,2,2/19/2011 0:00:00,1742,Aqua,MODIS,72,6.03,293.3,56.9,D,0,-77.765997749999997,34.438993140000001,2/19/2011
823,34.987699999999997,-82.125399999999999,306,2,1,2/21/2011 0:00:00,1908,Aqua,MODIS,59,6.03,288.9,11.4,D,0,-82.125396420000001,34.987693170000000,2/21/2011
824,45.300500000000000,-107.372299999999996,313.7,2,1,4/13/2011 0:00:00,1942,Aqua,MODIS,74,6.03,289.2,23.5,D,0,-107.372288549999993,45.300493039999999,4/13/2011
825,34.291800000000002,-118.816599999999994,329.8,2,1,7/15/2011 0:00:00,1910,Terra,MODIS,80,6.03,303.7,37.4,D,2,-118.816587709999993,34.291795100000002,7/15/2011
826,31.969100000000001,-106.583699999999993,300.9,1,1,7/12/2012 0:00:00,509,Terra,MODIS,35,6.03,289.1,3.7,N,2,-106.583690230000002,31.969094790000000,7/12/2012
827,33.507300000000001,-111.768900000000002,323.6,1,1,10/30/2012 0:00:00,938,Aqua,MODIS,100,6.03,286.4,34.3,N,0,-111.768889049999999,33.507294809999998,10/30/2012
828,33.509700000000002,-111.782300000000006,349.2,1,1,10/30/2012 0:00:00,938,Aqua,MODIS,100,6.03,286.8,90.1,N,0,-111.782289050000003,33.509694809999999,10/30/2012
829,34.440899999999999,-77.771400000000000,312.3,1,1,2/20/2013 0:00:00,1806,Aqua,MODIS,72,6.03,287.5,19.8,D,0,-77.771397750000006,34.440893140000000,2/20/2013
830,31.494499999999999,-87.870199999999997,318.1,1,1,4/24/2014 0:00:00,1655,Terra,MODIS,53,6.03,295.5,15.4,D,0,-87.870194949999998,31.494494130000000,4/24/2014
831,31.484800000000000,-87.872600000000006,316.5,1,1,4/24/2014 0:00:00,1655,Terra,MODIS,52,6.03,295.5,13.3,D,0,-87.872594950000007,31.484794130000001,4/24/2014
832,31.484999999999999,-87.853600000000000,309.5,3,2,8/25/2015 0:00:00,1607,Terra,MODIS,53,6.03,295.2,23,D,0,-87.853594950000002,31.484994130000000,8/25/2015
833,31.490600000000001,-87.875600000000006,319.8,3,2,8/25/2015 0:00:00,1607,Terra,MODIS,75,6.03,296.4,59.7,D,0,-87.875594950000007,31.490594130000002,8/25/2015
834,42.875399999999999,-106.280299999999997,315.6,1,1,10/11/2015 0:00:00,500,Terra,MODIS,92,6.03,289.5,15.4,N,0,-106.280289199999999,42.875393219999999,10/11/2015
835,42.873500000000000,-106.292500000000004,323.8,1,1,10/11/2015 0:00:00,500,Terra,MODIS,100,6.03,289.5,23.4,N,0,-106.292489200000006,42.873493220000000,10/11/2015
836,42.876500000000000,-106.287199999999999,311.4,1,1,10/11/2015 0:00:00,911,Aqua,MODIS,82,6.03,288.4,12.1,N,0,-106.287189200000000,42.876493220000000,10/11/2015
837,42.876399999999997,-106.272700000000000,335.2,1,1,10/11/2015 0:00:00,2018,Aqua,MODIS,87,6.03,305.6,31.6,D,0,-106.272689200000002,42.876393219999997,10/11/2015
838,42.874800000000000,-106.285600000000002,315.2,1,1,10/11/2015 0:00:00,2018,Aqua,MODIS,67,6.03,302.7,7.5,D,0,-106.285589200000004,42.874793220000001,10/11/2015
839,34.445300000000003,-77.775000000000006,308.4,3,2,2/14/2017 0:00:00,1901,Aqua,MODIS,65,6.03,290,36.5,D,0,-77.774997749999997,34.445293139999997,2/14/2017
840,34.427799999999998,-77.766999999999996,333.5,1,1,6/6/2018 0:00:00,1831,Aqua,MODIS,84,6.03,300.9,28.7,D,0,-77.766997750000002,34.427793139999999,6/6/2018
841,33.634799999999998,-86.998500000000007,317,1,1,7/14/2020 0:00:00,1914,Aqua,MODIS,54,6.03,301,8.1,D,0,-86.998495079999998,33.634793639999998,7/14/2020
842,31.490400000000001,-87.868399999999994,351.7,1,1,8/6/2020 0:00:00,1919,Aqua,MODIS,96,6.03,301.4,77.9,D,0,-87.868394949999995,31.490394129999999,8/6/2020
843,35.131700000000002,-106.639899999999997,319.3,4,2,9/29/2020 0:00:00,1845,Terra,MODIS,64,6.03,300.3,66.8,D,2,-106.639889990000000,35.131694299999999,9/29/2020
844,33.706000000000003,-117.710200000000000,330.1,1,1,10/26/2020 0:00:00,1827,Terra,MODIS,86,6.03,296.5,34.8,D,0,-117.710187939999997,33.705995100000003,10/26/2020
845,33.724499999999999,-117.691800000000001,348,1,1,10/26/2020 0:00:00,1827,Terra,MODIS,93,6.03,297,75.5,D,0,-117.691787939999998,33.724495099999999,10/26/2020
846,33.726199999999999,-117.706199999999995,347.5,1,1,10/26/2020 0:00:00,1827,Terra,MODIS,62,6.03,297.4,70.5,D,0,-117.706187940000007,33.726195099999998,10/26/2020
847,33.723900000000000,-117.699799999999996,362.3,1,1,10/26/2020 0:00:00,1827,Terra,MODIS,100,6.03,298.1,122.7,D,0,-117.699787939999993,33.723895100000000,10/26/2020
848,33.734000000000002,-117.697800000000001,360.7,1,1,10/26/2020 0:00:00,1827,Terra,MODIS,96,6.03,299.1,116.3,D,0,-117.697787939999998,33.733995100000001,10/26/2020
849,33.709600000000002,-117.688800000000001,357.6,3,2,10/26/2020 0:00:00,2142,Aqua,MODIS,99,6.03,302.3,357.7,D,0,-117.688787939999997,33.709595100000001,10/26/2020
850,33.707400000000000,-117.718599999999995,346.3,3,2,10/26/2020 0:00:00,2142,Aqua,MODIS,94,6.03,300.4,232.4,D,0,-117.718587940000006,33.707395099999999,10/26/2020
851,33.724200000000003,-117.691800000000001,334.9,3,2,10/26/2020 0:00:00,2142,Aqua,MODIS,80,6.03,297.5,138.6,D,0,-117.691787939999998,33.724195100000003,10/26/2020
852,33.709000000000003,-117.693100000000001,359.2,3,2,10/26/2020 0:00:00,2142,Aqua,MODIS,99,6.03,303.1,376.3,D,0,-117.693087939999998,33.708995100000003,10/26/2020
853,33.723599999999998,-117.696200000000005,334.6,3,2,10/26/2020 0:00:00,2142,Aqua,MODIS,62,6.03,297.9,136.6,D,0,-117.696187940000002,33.723595099999997,10/26/2020
854,33.714399999999998,-117.690500000000000,331.3,2,1,10/27/2020 0:00:00,529,Terra,MODIS,100,6.03,287.7,97.9,N,0,-117.690487939999997,33.714395099999997,10/27/2020
855,33.727100000000000,-117.693299999999994,300.9,2,1,10/27/2020 0:00:00,529,Terra,MODIS,31,6.03,284.6,16.1,N,0,-117.693287940000005,33.727095100000000,10/27/2020
856,33.714100000000002,-117.696200000000005,308.5,2,1,10/27/2020 0:00:00,529,Terra,MODIS,74,6.03,286.3,28.5,N,0,-117.696187940000002,33.714095100000002,10/27/2020
857,33.736499999999999,-117.700900000000004,319.2,4,2,12/3/2020 0:00:00,1928,Terra,MODIS,55,6.03,295.2,92.4,D,0,-117.700887940000001,33.736495099999999,12/3/2020
858,37.788100000000000,-122.281199999999998,310.6,1,1,2/12/2021 0:00:00,2112,Aqua,MODIS,0,6.03,290.5,8.1,D,2,-122.281186809999994,37.788094989999998,2/12/2021
859,32.119399999999999,-110.879700000000000,303.5,1,1,6/3/2021 0:00:00,927,Aqua,MODIS,33,6.03,291,7.3,N,0,-110.879689319999997,32.119394960000001,6/3/2021
860,33.446599999999997,-112.140699999999995,328.7,1,1,6/6/2021 0:00:00,538,Terra,MODIS,100,6.03,299.4,23.7,N,2,-112.140688979999993,33.446594840000003,6/6/2021
861,33.438099999999999,-112.141300000000001,325.6,3,2,5/18/2022 0:00:00,607,Terra,MODIS,100,6.03,297.6,122.4,N,2,-112.141288979999999,33.438094839999998,5/18/2022
862,33.633299999999998,-86.996700000000004,317,1,1,6/17/2022 0:00:00,1643,Terra,MODIS,64,6.03,301.3,10.9,D,0,-86.996695079999995,33.633293639999998,6/17/2022
863,33.634999999999998,-87.001599999999996,318.3,2,1,6/24/2022 0:00:00,1649,Terra,MODIS,61,6.03,304.6,17.2,D,0,-87.001595080000001,33.634993639999998,6/24/2022
864,33.633400000000002,-86.998000000000005,321.2,1,1,6/26/2022 0:00:00,1636,Terra,MODIS,44,6.03,302.1,11.5,D,0,-86.997995079999995,33.633393640000001,6/26/2022
865,33.637599999999999,-86.994000000000000,311.3,2,1,7/1/2022 0:00:00,1655,Terra,MODIS,48,6.03,292.2,18.4,D,0,-86.993995080000005,33.637593639999999,7/1/2022
866,33.635599999999997,-87.002200000000002,317.3,2,1,7/6/2022 0:00:00,1845,Aqua,MODIS,48,6.03,299,12.8,D,0,-87.002195080000007,33.635593640000003,7/6/2022
867,33.619900000000001,-86.527299999999997,306.3,1,1,11/28/2022 0:00:00,1847,Aqua,MODIS,63,6.03,289.1,12.7,D,0,-86.527295219999999,33.619893630000000,11/28/2022
868,33.619199999999999,-86.527699999999996,306.8,1,1,11/29/2022 0:00:00,336,Terra,MODIS,69,6.03,279,11.6,N,0,-86.527695219999998,33.619193629999998,11/29/2022
869,33.618800000000000,-86.516499999999994,301.8,2,2,11/30/2022 0:00:00,1834,Aqua,MODIS,49,6.03,286.1,19.7,D,0,-86.516495219999996,33.618793629999999,11/30/2022
870,39.835599999999999,-84.903099999999995,320.5,2,1,4/12/2023 0:00:00,345,Terra,MODIS,100,61.03,280.1,45.4,N,2,-84.903095269999994,39.835592320000003,4/12/2023
871,39.834699999999998,-84.909800000000004,321.2,2,1,4/12/2023 0:00:00,345,Terra,MODIS,100,61.03,279.7,46.9,N,2,-84.909795270000004,39.834692320000002,4/12/2023
872,39.842100000000002,-84.903499999999994,312.3,1,1,4/12/2023 0:00:00,814,Aqua,MODIS,85,61.03,277.6,24.5,N,2,-84.903495269999993,39.842092319999999,4/12/2023
873,33.634500000000003,-86.991299999999995,317.2,1,1,8/23/2023 0:00:00,1620,Terra,MODIS,54,61.03,305.1,8.7,D,0,-86.991295080000000,33.634493640000002,8/23/2023
874,33.504700000000000,-111.765699999999995,312.7,2,1,10/1/2023 0:00:00,439,Terra,MODIS,85,61.03,294.7,28.4,N,0,-111.765689050000006,33.504694809999997,10/1/2023
875,33.500799999999998,-111.785799999999995,319.4,2,1,10/1/2023 0:00:00,439,Terra,MODIS,98,61.03,294.8,43.8,N,0,-111.785789050000005,33.500794810000002,10/1/2023
876,33.509700000000002,-111.772400000000005,345.1,2,1,10/1/2023 0:00:00,439,Terra,MODIS,100,61.03,296.5,136.8,N,0,-111.772389050000001,33.509694809999999,10/1/2023
877,33.505699999999997,-111.792400000000001,326.8,2,1,10/1/2023 0:00:00,439,Terra,MODIS,100,61.03,294.4,64.8,N,0,-111.792389049999997,33.505694810000001,10/1/2023
878,33.517299999999999,-111.770300000000006,307.9,4,2,10/1/2023 0:00:00,901,Aqua,MODIS,73,61.03,289,57.5,N,0,-111.770289050000002,33.517294810000003,10/1/2023
879,33.510100000000001,-111.780500000000004,322.1,2,1,10/1/2023 0:00:00,1819,Terra,MODIS,70,61.03,304.9,26.3,D,0,-111.780489050000000,33.510094809999998,10/1/2023
880,33.510300000000001,-111.773399999999995,301.1,1,1,10/2/2023 0:00:00,520,Terra,MODIS,38,61.03,291.1,6.9,N,0,-111.773389050000006,33.510294809999998,10/2/2023
881,33.514299999999999,-111.772700000000000,303.3,1,1,10/2/2023 0:00:00,943,Aqua,MODIS,54,61.03,289,7.4,N,0,-111.772689049999997,33.514294810000003,10/2/2023
1047,45.597600000000000,-107.469539999999995,296.5,0,1,6/9/2020 0:00:00,954,N20,VIIRS,n,2.0NRT,275.8,0.8,N,NA,-107.469528479999994,45.597593009999997,6/9/2020
1048,45.599339999999998,-107.471180000000004,311.8,0,1,6/9/2020 0:00:00,954,N20,VIIRS,n,2.0NRT,275.7,0.8,N,NA,-107.471168480000003,45.599333010000002,6/9/2020
1056,45.134500000000003,-107.391769999999994,335.1,0,1,6/11/2020 0:00:00,2042,N20,VIIRS,n,2.0NRT,302.5,1.8,D,NA,-107.391758580000001,45.134493059999997,6/11/2020
1057,45.133690000000001,-107.389370000000000,330.9,0,1,6/11/2020 0:00:00,2042,N20,VIIRS,l,2.0NRT,303.8,2.3,D,NA,-107.389358580000007,45.133683050000002,6/11/2020
1129,31.495010000000001,-87.867199999999997,341.4,1,1,8/6/2020 0:00:00,1948,N20,VIIRS,n,2.0NRT,292.9,9.6,D,NA,-87.867194949999998,31.495004130000002,8/6/2020
1130,31.488309999999998,-87.867130000000003,351,1,1,8/6/2020 0:00:00,1948,N20,VIIRS,n,2.0NRT,293.8,15.3,D,NA,-87.867124950000004,31.488304130000000,8/6/2020
1131,31.497409999999999,-87.868300000000005,318.3,1,1,8/7/2020 0:00:00,630,N20,VIIRS,n,2.0NRT,288.7,3.9,N,NA,-87.868294950000006,31.497404130000000,8/7/2020
1132,31.494150000000001,-87.868690000000001,318.8,1,1,8/7/2020 0:00:00,630,N20,VIIRS,n,2.0NRT,288.7,3.3,N,NA,-87.868684950000002,31.494144129999999,8/7/2020
1133,31.494700000000002,-87.867310000000003,318.6,1,1,8/7/2020 0:00:00,812,N20,VIIRS,n,2.0NRT,291.8,3.2,N,NA,-87.867304950000005,31.494694129999999,8/7/2020
1134,31.496130000000001,-87.867410000000007,318.5,1,1,8/7/2020 0:00:00,812,N20,VIIRS,n,2.0NRT,291.8,2.1,N,NA,-87.867404949999994,31.496124129999998,8/7/2020
1136,33.640349999999998,-87.012479999999996,306.4,1,0,8/8/2020 0:00:00,754,N20,VIIRS,n,2.0NRT,291.4,1.3,N,NA,-87.012475080000002,33.640343639999998,8/8/2020
1137,33.636600000000001,-87.013610000000000,309.7,1,0,8/8/2020 0:00:00,754,N20,VIIRS,n,2.0NRT,291.8,1.3,N,NA,-87.013605080000005,33.636593640000001,8/8/2020
1138,33.638010000000001,-87.014529999999993,303.9,1,0,8/8/2020 0:00:00,754,N20,VIIRS,n,2.0NRT,291.4,1.1,N,NA,-87.014525079999999,33.638003640000001,8/8/2020
1139,33.636920000000003,-87.008970000000005,310,1,0,8/8/2020 0:00:00,754,N20,VIIRS,n,2.0NRT,291.8,1.5,N,NA,-87.008965079999996,33.636913640000003,8/8/2020
1252,35.131390000000003,-106.631119999999996,335.3,0,0,9/29/2020 0:00:00,1936,N20,VIIRS,n,2.0NRT,302.5,2.5,D,NA,-106.631109989999999,35.131384300000001,9/29/2020
1277,45.427120000000002,-108.574990000000000,332.8,0,0,10/9/2020 0:00:00,1954,N20,VIIRS,n,2.0NRT,304.6,3.8,D,NA,-108.574978259999995,45.427113130000002,10/9/2020
1304,33.725299999999997,-117.702610000000007,353.5,0,0,10/26/2020 0:00:00,2112,N20,VIIRS,n,2.0NRT,304,17.1,D,NA,-117.702597940000004,33.725295099999997,10/26/2020
1305,33.726579999999998,-117.690619999999996,344.9,0,0,10/26/2020 0:00:00,2112,N20,VIIRS,n,2.0NRT,304.1,10.8,D,NA,-117.690607940000007,33.726575099999998,10/26/2020
1306,33.721339999999998,-117.701560000000001,349.6,0,0,10/26/2020 0:00:00,2112,N20,VIIRS,n,2.0NRT,304.3,17.1,D,NA,-117.701547939999998,33.721335099999997,10/26/2020
1307,33.721769999999999,-117.697519999999997,346.9,0,0,10/26/2020 0:00:00,2112,N20,VIIRS,n,2.0NRT,303,17.1,D,NA,-117.697507939999994,33.721765099999999,10/26/2020
1308,33.722580000000001,-117.689800000000005,355.9,0,0,10/26/2020 0:00:00,2112,N20,VIIRS,n,2.0NRT,308.7,10.8,D,NA,-117.689787940000002,33.722575100000000,10/26/2020
1309,33.722180000000002,-117.693659999999994,367,0,0,10/26/2020 0:00:00,2112,N20,VIIRS,h,2.0NRT,311.5,10.8,D,NA,-117.693647940000005,33.722175100000001,10/26/2020
1310,33.715640000000000,-117.716890000000006,338.6,0,0,10/26/2020 0:00:00,2112,N20,VIIRS,n,2.0NRT,296.8,7.7,D,NA,-117.716877940000003,33.715635100000000,10/26/2020
1311,33.718190000000000,-117.692790000000002,354.5,0,0,10/26/2020 0:00:00,2112,N20,VIIRS,n,2.0NRT,309.9,20,D,NA,-117.692777939999999,33.718185099999999,10/26/2020
1312,33.718589999999999,-117.688959999999994,350.3,0,0,10/26/2020 0:00:00,2112,N20,VIIRS,n,2.0NRT,323.2,20,D,NA,-117.688947940000006,33.718585099999999,10/26/2020
1313,33.712470000000003,-117.708240000000004,350.8,0,0,10/26/2020 0:00:00,2112,N20,VIIRS,n,2.0NRT,307.1,17.9,D,NA,-117.708227940000000,33.712465100000003,10/26/2020
1314,33.713769999999997,-117.695949999999996,367,0,0,10/26/2020 0:00:00,2112,N20,VIIRS,h,2.0NRT,308.1,14.1,D,NA,-117.695937939999993,33.713765100000003,10/26/2020
1315,33.714199999999998,-117.691959999999995,367,0,0,10/26/2020 0:00:00,2112,N20,VIIRS,h,2.0NRT,311.1,20,D,NA,-117.691947940000006,33.714195099999998,10/26/2020
1316,33.708469999999998,-117.707560000000001,354.2,0,0,10/26/2020 0:00:00,2112,N20,VIIRS,n,2.0NRT,307.1,38.4,D,NA,-117.707547939999998,33.708465099999998,10/26/2020
1317,33.709760000000003,-117.695279999999997,353.5,0,0,10/26/2020 0:00:00,2112,N20,VIIRS,n,2.0NRT,319.8,25.5,D,NA,-117.695267939999994,33.709755100000002,10/26/2020
1318,33.708900000000000,-117.703500000000005,367,0,0,10/26/2020 0:00:00,2112,N20,VIIRS,h,2.0NRT,312,38.4,D,NA,-117.703487940000002,33.708895099999999,10/26/2020
1319,33.709330000000001,-117.699380000000005,367,0,0,10/26/2020 0:00:00,2112,N20,VIIRS,h,2.0NRT,307.2,25.5,D,NA,-117.699367940000002,33.709325100000001,10/26/2020
1320,33.704900000000002,-117.702789999999993,353.4,0,0,10/26/2020 0:00:00,2112,N20,VIIRS,n,2.0NRT,320,38.4,D,NA,-117.702777940000004,33.704895100000002,10/26/2020
1321,33.704470000000001,-117.706810000000004,367,0,0,10/26/2020 0:00:00,2112,N20,VIIRS,h,2.0NRT,328.6,38.4,D,NA,-117.706797940000001,33.704465100000000,10/26/2020
1322,33.705320000000000,-117.698710000000005,367,0,0,10/26/2020 0:00:00,2112,N20,VIIRS,h,2.0NRT,312.1,25.5,D,NA,-117.698697940000002,33.705315100000000,10/26/2020
1324,33.718240000000002,-117.701369999999997,311.2,0,0,10/27/2020 0:00:00,936,N20,VIIRS,n,2.0NRT,289.6,1.7,N,NA,-117.701357939999994,33.718235100000001,10/27/2020
1325,33.724789999999999,-117.699900000000000,299.8,0,0,10/27/2020 0:00:00,936,N20,VIIRS,n,2.0NRT,284.8,0.3,N,NA,-117.699887939999996,33.724785099999998,10/27/2020
1327,33.705750000000002,-117.708420000000004,301.1,0,0,10/27/2020 0:00:00,936,N20,VIIRS,n,2.0NRT,287.1,0.6,N,NA,-117.708407940000001,33.705745100000001,10/27/2020
1483,34.433290000000000,-77.780720000000002,301.8,1,1,2/17/2021 0:00:00,736,N20,VIIRS,n,2.0NRT,276.9,1.3,N,NA,-77.780717749999994,34.433283140000000,2/17/2021
1556,34.287799999999997,-118.801000000000002,343.9,0,0,4/1/2021 0:00:00,2030,N20,VIIRS,l,2.0NRT,317.1,6.9,D,NA,-118.800987710000001,34.287795099999997,4/1/2021
1558,34.290889999999997,-118.806389999999993,340.9,0,0,4/1/2021 0:00:00,2030,N20,VIIRS,l,2.0NRT,315.5,6.7,D,NA,-118.806377710000007,34.290885099999997,4/1/2021
1624,32.115290000000002,-110.880219999999994,334.5,1,0,6/3/2021 0:00:00,930,N20,VIIRS,n,2.0NRT,273.4,4.7,N,NA,-110.880209320000006,32.115284959999997,6/3/2021
1628,33.440759999999997,-112.139250000000004,367,0,0,6/5/2021 0:00:00,2012,N20,VIIRS,h,2.0NRT,331.7,81,D,NA,-112.139238980000002,33.440754839999997,6/5/2021
1629,33.443240000000003,-112.139840000000007,339,0,1,6/6/2021 0:00:00,830,N20,VIIRS,n,2.0NRT,295.9,4.8,N,NA,-112.139828980000004,33.443234840000002,6/6/2021
1630,33.444000000000003,-112.136049999999997,315.1,0,1,6/6/2021 0:00:00,830,N20,VIIRS,n,2.0NRT,294.4,2.3,N,NA,-112.136038979999995,33.443994840000002,6/6/2021
1631,33.444260000000000,-112.139809999999997,337.7,0,1,6/6/2021 0:00:00,830,N20,VIIRS,n,2.0NRT,295.9,4.5,N,NA,-112.139798979999995,33.444254839999999,6/6/2021
1632,33.442950000000003,-112.136099999999999,316.3,0,1,6/6/2021 0:00:00,830,N20,VIIRS,n,2.0NRT,294.4,2.8,N,NA,-112.136088979999997,33.442944830000002,6/6/2021
1633,33.445149999999998,-112.136859999999999,317.9,1,1,6/6/2021 0:00:00,1012,N20,VIIRS,n,2.0NRT,292.5,1.9,N,NA,-112.136848979999996,33.445144839999998,6/6/2021
1634,33.446980000000003,-112.143169999999998,306.1,1,1,6/6/2021 0:00:00,1012,N20,VIIRS,n,2.0NRT,291.4,1.9,N,NA,-112.143158979999995,33.446974840000003,6/6/2021
1635,33.447040000000001,-112.140140000000002,307.2,1,1,6/7/2021 0:00:00,812,N20,VIIRS,n,2.0NRT,291.2,1.1,N,NA,-112.140128980000000,33.447034830000000,6/7/2021
1636,33.444670000000002,-112.140929999999997,308.5,1,1,6/7/2021 0:00:00,812,N20,VIIRS,n,2.0NRT,291,1.4,N,NA,-112.140918979999995,33.444664840000002,6/7/2021
1637,33.442950000000003,-112.139240000000001,306,0,1,6/7/2021 0:00:00,954,N20,VIIRS,n,2.0NRT,291,0.8,N,NA,-112.139228979999999,33.442944840000003,6/7/2021
1669,45.301929999999999,-107.368420000000000,343.3,0,0,6/29/2021 0:00:00,1924,N20,VIIRS,n,2.0NRT,311.9,6.4,D,NA,-107.368408549999998,45.301923039999998,6/29/2021
1670,45.302630000000001,-107.370279999999994,338.7,0,0,6/29/2021 0:00:00,1924,N20,VIIRS,n,2.0NRT,311,2.2,D,NA,-107.370268550000006,45.302623029999999,6/29/2021
1676,45.301540000000003,-107.371139999999997,303,0,1,7/3/2021 0:00:00,1006,N20,VIIRS,n,2.0NRT,285,0.6,N,NA,-107.371128560000002,45.301533040000002,7/3/2021
1712,45.428989999999999,-108.573700000000002,306.51,0,0,8/1/2021 0:00:00,922,N20,VIIRS,n,2.0NRT,284.6,1.05,N,NA,-108.573688259999997,45.428983129999999,8/1/2021
1713,45.425690000000003,-108.574839999999995,302.98,0,0,8/1/2021 0:00:00,922,N20,VIIRS,n,2.0NRT,282.36,0.95,N,NA,-108.574828260000004,45.425683130000003,8/1/2021
1783,45.599299999999999,-107.467380000000006,340.65,0,0,9/12/2021 0:00:00,1919,N20,VIIRS,n,2.0NRT,304.96,16.38,D,NA,-107.467368480000005,45.599293009999997,9/12/2021
1784,45.601050000000001,-107.469300000000004,340.95,0,1,9/12/2021 0:00:00,2059,N20,VIIRS,n,2.0NRT,301.93,5,D,NA,-107.469288480000003,45.601043009999998,9/12/2021
1785,45.600439999999999,-107.469250000000002,341.04,0,1,9/12/2021 0:00:00,2059,N20,VIIRS,n,2.0NRT,302.24,5.26,D,NA,-107.469238480000001,45.600433010000003,9/12/2021
1786,45.600189999999998,-107.469489999999993,301.57,0,0,9/13/2021 0:00:00,915,N20,VIIRS,n,2.0NRT,281.26,0.76,N,NA,-107.469478480000006,45.600183010000002,9/13/2021
1792,45.427019999999999,-108.573859999999996,311.24,1,1,9/16/2021 0:00:00,1000,N20,VIIRS,n,2.0NRT,279.41,1.63,N,NA,-108.573848260000005,45.427013129999999,9/16/2021
1802,45.301150000000000,-107.371150000000000,334.51,0,0,9/21/2021 0:00:00,1949,N20,VIIRS,n,2.0NRT,303.54,2.96,D,NA,-107.371138549999998,45.301143039999999,9/21/2021
1818,33.719169999999998,-117.715389999999999,296.21,1,1,9/30/2021 0:00:00,900,N20,VIIRS,n,2.0NRT,284.99,0.76,N,NA,-117.715377939999996,33.719165099999998,9/30/2021
1844,34.299030000000002,-118.798150000000007,308.29,0,1,10/16/2021 0:00:00,900,N20,VIIRS,n,2.0NRT,288.69,0.77,N,NA,-118.798137710000006,34.299025100000001,10/16/2021
1845,34.302180000000000,-118.795450000000002,318.26,0,1,10/16/2021 0:00:00,900,N20,VIIRS,n,2.0NRT,289.76,0.91,N,NA,-118.795437710000002,34.302175099999999,10/16/2021
1846,34.298740000000002,-118.794020000000003,302.15,0,1,10/16/2021 0:00:00,900,N20,VIIRS,n,2.0NRT,289,0.69,N,NA,-118.794007710000002,34.298735100000002,10/16/2021
1848,34.301890000000000,-118.795500000000004,297.54,1,1,10/16/2021 0:00:00,1041,N20,VIIRS,n,2.0NRT,287.4,0.52,N,NA,-118.795487710000003,34.301885100000000,10/16/2021
1910,45.599280000000000,-107.472600000000000,299.74,0,0,12/2/2021 0:00:00,915,N20,VIIRS,n,2.0NRT,271.82,0.66,N,NA,-107.472588479999999,45.599273009999997,12/2/2021
1927,33.507869999999997,-111.782120000000006,309.07,0,0,12/19/2021 0:00:00,900,N20,VIIRS,n,2.0NRT,280.11,1.3,N,NA,-111.782109050000003,33.507864810000001,12/19/2021
1977,33.717820000000003,-117.715580000000003,295.04,1,1,2/6/2022 0:00:00,841,N20,VIIRS,n,2.0NRT,282.75,1.07,N,NA,-117.715567940000000,33.717815100000003,2/6/2022
2265,34.299149999999997,-118.798100000000005,333.56,1,1,8/12/2022 0:00:00,1953,N20,VIIRS,l,2.0NRT,304.74,5.13,D,NA,-118.798087710000004,34.299145099999997,8/12/2022
2266,34.295180000000002,-118.795569999999998,342.35,1,1,8/12/2022 0:00:00,1953,N20,VIIRS,n,2.0NRT,307.3,5.28,D,NA,-118.795557709999997,34.295175100000002,8/12/2022
2291,34.290840000000003,-118.806340000000006,299.03,0,1,8/27/2022 0:00:00,854,N20,VIIRS,n,2.0NRT,288.91,0.35,N,NA,-118.806327710000005,34.290835100000002,8/27/2022
2541,39.836460000000002,-84.905169999999998,367,0,1,4/11/2023 0:00:00,1917,N20,VIIRS,l,2.0NRT,366.01,77.8,D,NA,-84.905165269999998,39.836452319999999,4/11/2023
2542,39.836219999999997,-84.908969999999997,331.65,0,1,4/11/2023 0:00:00,1917,N20,VIIRS,l,2.0NRT,302.39,41.14,D,NA,-84.908965269999996,39.836212320000001,4/11/2023
2543,39.836689999999997,-84.901349999999994,367,0,1,4/11/2023 0:00:00,1917,N20,VIIRS,h,2.0NRT,309.18,77.8,D,NA,-84.901345269999993,39.836682320000001,4/11/2023
2544,39.838810000000002,-84.904809999999998,345.72,0,0,4/12/2023 0:00:00,735,N20,VIIRS,n,2.0NRT,304.6,35.95,N,NA,-84.904805269999997,39.838802319999999,4/12/2023
2545,39.836720000000000,-84.901619999999994,333.9,1,0,4/12/2023 0:00:00,1858,N20,VIIRS,n,2.0NRT,302.23,5.15,D,NA,-84.901615269999994,39.836712319999997,4/12/2023
2546,39.836060000000003,-84.908060000000006,332.32,1,0,4/12/2023 0:00:00,1858,N20,VIIRS,n,2.0NRT,304.25,5.15,D,NA,-84.908055270000006,39.836052320000000,4/12/2023
2547,39.840710000000001,-84.907989999999998,299.59,0,0,4/13/2023 0:00:00,718,N20,VIIRS,n,2.0NRT,280.59,0.61,N,NA,-84.907985269999998,39.840702319999998,4/13/2023
2586,44.374690000000001,-93.227080000000001,307,0,0,5/23/2023 0:00:00,807,N20,VIIRS,n,2.0NRT,287.3,0.85,N,NA,-93.227072370000002,44.374682049999997,5/23/2023
2587,44.371380000000002,-93.228030000000004,319.08,0,0,5/23/2023 0:00:00,807,N20,VIIRS,n,2.0NRT,289.26,2.2,N,NA,-93.228022370000005,44.371372049999998,5/23/2023
2632,45.429620000000000,-108.575010000000006,296.93,1,0,7/15/2023 0:00:00,954,N20,VIIRS,n,2.0NRT,283.67,0.76,N,NA,-108.574998260000001,45.429613130000000,7/15/2023
2651,32.325130000000001,-106.707599999999999,338.3,0,0,7/23/2023 0:00:00,2025,N20,VIIRS,l,2.0NRT,309.7,4.7,D,NA,-106.707590179999997,32.325124729999999,7/23/2023
2652,32.323509999999999,-106.705740000000006,309.22,0,0,7/24/2023 0:00:00,848,N20,VIIRS,n,2.0NRT,294.18,0.92,N,NA,-106.705730180000003,32.323504739999997,7/24/2023
2677,44.016719999999999,-121.252170000000007,304.36,0,0,8/3/2023 0:00:00,1041,N20,VIIRS,n,2.0NRT,282.42,0.96,N,NA,-121.252156049999996,44.016714440000001,8/3/2023
2682,34.998690000000003,-106.611390000000000,367,1,1,8/6/2023 0:00:00,2104,N20,VIIRS,l,2.0NRT,335.1,171.13,D,NA,-106.611380010000005,34.998684320000002,8/6/2023
2696,45.428449999999998,-108.571889999999996,299.47,0,0,8/17/2023 0:00:00,937,N20,VIIRS,n,2.0NRT,287.24,0.87,N,NA,-108.571878260000005,45.428443129999998,8/17/2023
2755,33.507350000000002,-111.780109999999993,345.06,1,0,10/1/2023 0:00:00,854,N20,VIIRS,n,2.0NRT,291.48,11.65,N,NA,-111.780099050000004,33.507344809999999,10/1/2023
2756,33.510559999999998,-111.773650000000004,307.83,1,0,10/1/2023 0:00:00,854,N20,VIIRS,n,2.0NRT,291.75,25.63,N,NA,-111.773639050000000,33.510554810000002,10/1/2023
2757,33.511229999999998,-111.779449999999997,334.16,1,0,10/1/2023 0:00:00,854,N20,VIIRS,n,2.0NRT,306.85,25.63,N,NA,-111.779439049999993,33.511224810000002,10/1/2023
2759,33.507629999999999,-111.779470000000003,325.5,0,1,10/2/2023 0:00:00,837,N20,VIIRS,n,2.0NRT,288.78,2.39,N,NA,-111.779459050000000,33.507624810000003,10/2/2023
2760,33.512740000000001,-111.778819999999996,328.81,0,1,10/2/2023 0:00:00,837,N20,VIIRS,n,2.0NRT,292.17,2.39,N,NA,-111.778809050000007,33.512734809999998,10/2/2023
2761,33.510530000000003,-111.782660000000007,309.21,0,1,10/2/2023 0:00:00,837,N20,VIIRS,n,2.0NRT,287.29,3.02,N,NA,-111.782649050000003,33.510524810000000,10/2/2023
2762,33.510269999999998,-111.779070000000004,340.55,0,1,10/2/2023 0:00:00,837,N20,VIIRS,n,2.0NRT,295.06,4.25,N,NA,-111.779059050000001,33.510264810000002,10/2/2023
2764,33.509779999999999,-111.779960000000003,320.24,1,1,10/2/2023 0:00:00,1015,N20,VIIRS,n,2.0NRT,287.58,3.4,N,NA,-111.779949049999999,33.509774810000003,10/2/2023
2765,33.508629999999997,-111.780029999999996,319.03,1,1,10/2/2023 0:00:00,1015,N20,VIIRS,n,2.0NRT,287.73,2.79,N,NA,-111.780019050000007,33.508624810000001,10/2/2023
2766,33.509120000000003,-111.781440000000003,301.78,1,1,10/3/2023 0:00:00,816,N20,VIIRS,n,2.0NRT,288.27,1.56,N,NA,-111.781429050000000,33.509114810000000,10/3/2023
2767,33.512709999999998,-111.782460000000000,303.86,1,1,10/3/2023 0:00:00,816,N20,VIIRS,n,2.0NRT,288.82,1.26,N,NA,-111.782449049999997,33.512704810000002,10/3/2023
2769,33.506659999999997,-111.778720000000007,302.78,0,1,10/3/2023 0:00:00,958,N20,VIIRS,n,2.0NRT,287.51,0.42,N,NA,-111.778709050000003,33.506654810000001,10/3/2023
2772,33.511679999999998,-111.777019999999993,308.51,0,1,10/3/2023 0:00:00,958,N20,VIIRS,n,2.0NRT,290.05,1.15,N,NA,-111.777009050000004,33.511674810000002,10/3/2023
2773,33.508820000000000,-111.778350000000003,317.03,0,1,10/3/2023 0:00:00,958,N20,VIIRS,n,2.0NRT,292.29,1.2,N,NA,-111.778339050000000,33.508814809999997,10/3/2023
2776,33.509320000000002,-111.775180000000006,302.17,1,0,10/4/2023 0:00:00,937,N20,VIIRS,n,2.0NRT,291.55,1.41,N,NA,-111.775169050000002,33.509314809999999,10/4/2023
2779,33.715769999999999,-117.715699999999998,302.48,1,1,10/6/2023 0:00:00,900,N20,VIIRS,n,2.0NRT,290.41,0.98,N,NA,-117.715687939999995,33.715765099999999,10/6/2023
2791,34.293619999999997,-118.806920000000005,298.03,1,1,10/12/2023 0:00:00,848,N20,VIIRS,n,2.0NRT,286.79,1.02,N,NA,-118.806907710000004,34.293615099999997,10/12/2023
2803,34.296349999999997,-118.804320000000004,296.95,0,1,10/17/2023 0:00:00,854,N20,VIIRS,n,2.0NRT,285.86,0.62,N,NA,-118.804307710000003,34.296345100000003,10/17/2023
2839,34.293160000000000,-118.806809999999999,296.68,0,1,11/7/2023 0:00:00,900,N20,VIIRS,n,2.0NRT,282.4,0.7,N,NA,-118.806797709999998,34.293155100000000,11/7/2023
2973,33.736150000000002,-84.100980000000007,330.77,0,0,4/8/2024 0:00:00,1843,N20,VIIRS,n,2.0NRT,294.88,3.48,D,NA,-84.100975910000003,33.736143509999998,4/8/2024
3002,45.303170000000001,-107.372339999999994,298.42,0,0,5/5/2024 0:00:00,858,N20,VIIRS,n,2.0NRT,273.31,0.47,N,NA,-107.372328550000006,45.303163030000000,5/5/2024
3023,34.297590000000000,-118.800269999999998,305.56,1,1,6/11/2024 0:00:00,1045,N20,VIIRS,n,2.0NRT,285.38,1.79,N,NA,-118.800257709999997,34.297585099999999,6/11/2024
3024,34.301290000000002,-118.801069999999996,296.94,1,1,6/11/2024 0:00:00,1045,N20,VIIRS,n,2.0NRT,285.05,0.8,N,NA,-118.801057709999995,34.301285100000001,6/11/2024
3280,33.507599999999996,-111.777670000000001,367,1,1,1/29/2012 0:00:00,2133,N,VIIRS,h,2,295.83,36.1,D,0,-111.777659049999997,33.507594810000001,1/29/2012
3281,33.508139999999997,-111.779460000000000,367,1,1,1/29/2012 0:00:00,2133,N,VIIRS,h,2,295.9,44.01,D,0,-111.779449049999997,33.508134810000001,1/29/2012
3419,45.427979999999998,-108.576870000000000,367,0,1,6/27/2012 0:00:00,817,N,VIIRS,h,2,286.75,9.72,N,0,-108.576858259999995,45.427973129999998,6/27/2012
3421,45.426519999999996,-108.573220000000006,305.63,1,1,6/27/2012 0:00:00,957,N,VIIRS,n,2,284.59,10.92,N,0,-108.573208260000001,45.426513129999996,6/27/2012
3545,33.508440000000000,-111.781049999999993,317.16,0,1,9/25/2012 0:00:00,832,N,VIIRS,n,2,292.19,1.55,N,0,-111.781039050000004,33.508434809999997,9/25/2012
3546,33.507240000000003,-111.780199999999994,304.43,0,1,9/25/2012 0:00:00,832,N,VIIRS,n,2,291.48,0.87,N,0,-111.780189050000004,33.507234810000000,9/25/2012
3605,33.510599999999997,-111.784279999999995,321.74,0,0,10/30/2012 0:00:00,917,N,VIIRS,n,2,288.33,34.51,N,0,-111.784269050000006,33.510594810000001,10/30/2012
3606,33.509909999999998,-111.780109999999993,367,0,0,10/30/2012 0:00:00,917,N,VIIRS,h,2,314.83,30.76,N,0,-111.780099050000004,33.509904810000002,10/30/2012
3607,33.506599999999999,-111.780889999999999,299.96,0,0,10/30/2012 0:00:00,917,N,VIIRS,n,2,286.95,30.76,N,0,-111.780879049999996,33.506594810000003,10/30/2012
3759,38.589430000000000,-75.455200000000005,331.8,0,0,4/1/2013 0:00:00,1747,N,VIIRS,n,2,294.29,2.24,D,0,-75.455198249999995,38.589422180000000,4/1/2013
3760,38.591889999999999,-75.454210000000003,331.2,0,0,4/1/2013 0:00:00,1747,N,VIIRS,n,2,295.09,5.21,D,0,-75.454208249999994,38.591882179999999,4/1/2013
3927,45.428510000000003,-108.573909999999998,341.42,0,0,8/30/2013 0:00:00,2041,N,VIIRS,n,2,311.51,4.6,D,0,-108.573898260000007,45.428503130000003,8/30/2013
4029,33.510350000000003,-111.781229999999994,332.9,0,0,11/8/2013 0:00:00,907,N,VIIRS,n,2,292.53,14.07,N,0,-111.781219050000004,33.510344809999999,11/8/2013
4030,33.506940000000000,-111.781920000000000,317.21,0,0,11/8/2013 0:00:00,907,N,VIIRS,n,2,286.22,2.3,N,0,-111.781909049999996,33.506934809999997,11/8/2013
4153,31.963229999999999,-106.585690000000000,300.26,0,0,3/6/2014 0:00:00,857,N,VIIRS,n,2,279.85,0.8,N,0,-106.585680229999994,31.963224790000002,3/6/2014
4236,31.962610000000002,-106.585400000000007,298.54,0,0,5/4/2014 0:00:00,853,N,VIIRS,n,2,286.18,0.77,N,0,-106.585390230000002,31.962604790000000,5/4/2014
4810,31.491940000000000,-87.874529999999993,338.8,0,0,8/25/2015 0:00:00,1905,N,VIIRS,l,2,309.01,5.84,D,0,-87.874524949999994,31.491934130000001,8/25/2015
4882,42.875940000000000,-106.287040000000005,367,1,1,10/11/2015 0:00:00,803,N,VIIRS,h,2,291.7,9.69,N,0,-106.287029200000006,42.875933220000000,10/11/2015
4883,42.873860000000001,-106.285039999999995,346.35,1,1,10/11/2015 0:00:00,803,N,VIIRS,n,2,289.39,5.83,N,0,-106.285029199999997,42.873853220000001,10/11/2015
4884,42.873989999999999,-106.291600000000003,315.61,1,1,10/11/2015 0:00:00,803,N,VIIRS,n,2,288.81,5.83,N,0,-106.291589200000004,42.873983220000000,10/11/2015
4885,42.875700000000002,-106.290210000000002,337.58,1,0,10/11/2015 0:00:00,944,N,VIIRS,n,2,289.46,7.75,N,0,-106.290199200000004,42.875693220000002,10/11/2015
4886,42.874130000000001,-106.283820000000006,326.73,1,0,10/11/2015 0:00:00,944,N,VIIRS,n,2,287.9,5.37,N,0,-106.283809199999993,42.874123220000001,10/11/2015
5093,44.379719999999999,-93.229630000000000,339.65,0,1,3/28/2016 0:00:00,1816,N,VIIRS,n,2,290.78,2.54,D,0,-93.229622370000001,44.379712050000002,3/28/2016
5181,45.600929999999998,-107.470830000000007,297.42,0,0,7/1/2016 0:00:00,851,N,VIIRS,n,2,284.98,0.79,N,0,-107.470818480000005,45.600923010000002,7/1/2016
5182,45.603110000000001,-107.470730000000003,300.03,0,0,7/1/2016 0:00:00,851,N,VIIRS,n,2,285.49,0.9,N,0,-107.470718480000002,45.603103009999998,7/1/2016
5330,34.992809999999999,-82.136930000000007,306.19,0,0,12/9/2016 0:00:00,653,N,VIIRS,n,2,271.64,0.61,N,0,-82.136926410000001,34.992803170000002,12/9/2016
5843,45.602290000000004,-107.469909999999999,318.18,0,0,8/7/2018 0:00:00,909,N,VIIRS,n,2,282.34,1.61,N,0,-107.469898479999998,45.602283010000001,8/7/2018
5916,45.602620000000002,-107.470730000000003,305.92,0,0,10/15/2018 0:00:00,916,N,VIIRS,n,2,267.36,1.25,N,0,-107.470718480000002,45.602613009999999,10/15/2018
6103,31.962660000000000,-106.584999999999994,295.69,0,0,4/28/2019 0:00:00,822,N,VIIRS,n,2,284.77,0.66,N,0,-106.584990230000002,31.962654789999998,4/28/2019
6157,33.539200000000001,-112.191649999999996,345.44,0,0,7/26/2019 0:00:00,2013,N,VIIRS,n,2,311.88,16.46,D,0,-112.191638970000000,33.539194830000000,7/26/2019
6170,33.639000000000003,-87.012439999999998,311.45,1,0,8/8/2019 0:00:00,809,N,VIIRS,n,2,289.89,1.5,N,0,-87.012435080000003,33.638993640000002,8/8/2019
6173,33.637990000000002,-87.010040000000004,306.75,0,0,8/9/2019 0:00:00,750,N,VIIRS,n,2,290.38,1.27,N,0,-87.010035079999994,33.637983640000002,8/9/2019
6207,33.509279999999997,-111.781480000000002,345.38,0,0,9/5/2019 0:00:00,2044,N,VIIRS,l,2,318.15,35.17,D,0,-111.781469049999998,33.509274810000001,9/5/2019
6244,34.992800000000003,-82.132509999999996,331.53,0,0,9/26/2019 0:00:00,749,N,VIIRS,n,2,287.4,4.15,N,0,-82.132506419999999,34.992793169999999,9/26/2019
6285,33.508339999999997,-111.787739999999999,337.48,0,0,10/25/2019 0:00:00,848,N,VIIRS,n,2,290.05,5.28,N,0,-111.787729049999996,33.508334810000001,10/25/2019
6286,33.504060000000003,-111.788409999999999,337.67,0,0,10/25/2019 0:00:00,848,N,VIIRS,n,2,288.4,5.28,N,0,-111.788399049999995,33.504054810000000,10/25/2019
6418,33.639850000000003,-87.011470000000003,299.2,0,0,4/7/2020 0:00:00,712,N,VIIRS,n,2,279.85,0.32,N,0,-87.011465079999994,33.639843640000002,4/7/2020
6419,33.635790000000000,-87.012050000000002,296.59,0,0,4/7/2020 0:00:00,712,N,VIIRS,n,2,280.09,0.22,N,0,-87.012045079999993,33.635783640000000,4/7/2020
6430,33.637900000000002,-87.010649999999998,297.7,0,0,4/22/2020 0:00:00,731,N,VIIRS,n,2,281.41,0.38,N,0,-87.010645080000003,33.637893640000001,4/22/2020
6522,43.186329999999998,-123.375029999999995,301.89,0,0,6/27/2020 0:00:00,1013,N,VIIRS,n,2,288.08,0.66,N,0,-123.375015869999999,43.186324689999999,6/27/2020
6556,30.336939999999998,-97.631919999999994,336.33,0,0,7/19/2020 0:00:00,1939,N,VIIRS,n,2,306.11,3.31,D,0,-97.631912420000006,30.336934719999999,7/19/2020
6585,31.494009999999999,-87.869489999999999,328.71,0,0,8/7/2020 0:00:00,725,N,VIIRS,n,2,294.41,3.59,N,0,-87.869484950000000,31.494004130000000,8/7/2020
6586,31.493390000000002,-87.864819999999995,306.44,0,0,8/7/2020 0:00:00,725,N,VIIRS,n,2,292,3.59,N,0,-87.864814949999996,31.493384129999999,8/7/2020
6587,33.638919999999999,-87.012389999999996,318.21,0,0,8/8/2020 0:00:00,706,N,VIIRS,n,2,290.93,2.94,N,0,-87.012385080000001,33.638913639999998,8/8/2020
6606,45.302880000000002,-107.368099999999998,301.94,0,0,8/18/2020 0:00:00,856,N,VIIRS,n,2,287.23,0.26,N,0,-107.368088549999996,45.302873030000001,8/18/2020
6742,33.710839999999997,-117.695139999999995,367,0,0,10/26/2020 0:00:00,2025,N,VIIRS,h,2,328.72,230.8,D,0,-117.695127940000006,33.710835099999997,10/26/2020
6743,33.709870000000002,-117.699799999999996,350.95,0,0,10/26/2020 0:00:00,2025,N,VIIRS,n,2,292.74,28.69,D,0,-117.699787939999993,33.709865100000002,10/26/2020
6744,33.707909999999998,-117.709130000000002,344.01,0,0,10/26/2020 0:00:00,2025,N,VIIRS,n,2,294.49,8.27,D,0,-117.709117939999999,33.707905099999998,10/26/2020
6745,33.714010000000002,-117.700919999999996,342.51,0,0,10/26/2020 0:00:00,2025,N,VIIRS,n,2,297.61,28.69,D,0,-117.700907939999993,33.714005100000001,10/26/2020
6746,33.712049999999998,-117.710269999999994,347.2,0,0,10/26/2020 0:00:00,2025,N,VIIRS,n,2,300.69,8.27,D,0,-117.710257940000005,33.712045099999997,10/26/2020
6747,33.716000000000001,-117.691379999999995,367,0,0,10/26/2020 0:00:00,2025,N,VIIRS,l,2,374.47,230.8,D,0,-117.691367940000006,33.715995100000001,10/26/2020
6748,33.714979999999997,-117.696290000000005,367,0,0,10/26/2020 0:00:00,2025,N,VIIRS,l,2,348.17,230.8,D,0,-117.696277940000002,33.714975099999997,10/26/2020
6749,33.721229999999998,-117.687259999999995,367,0,0,10/26/2020 0:00:00,2025,N,VIIRS,h,2,340.61,115.95,D,0,-117.687247940000006,33.721225099999998,10/26/2020
6750,33.719140000000003,-117.697299999999998,349,0,0,10/26/2020 0:00:00,2025,N,VIIRS,n,2,296.38,110.55,D,0,-117.697287939999995,33.719135100000003,10/26/2020
6752,33.715179999999997,-117.716189999999997,344.31,0,0,10/26/2020 0:00:00,2025,N,VIIRS,n,2,298.2,14.99,D,0,-117.716177939999994,33.715175100000003,10/26/2020
6753,33.714179999999999,-117.721019999999996,345.23,0,0,10/26/2020 0:00:00,2025,N,VIIRS,n,2,299.7,4.09,D,0,-117.721007940000007,33.714175099999999,10/26/2020
6754,33.720179999999999,-117.692310000000006,367,0,0,10/26/2020 0:00:00,2025,N,VIIRS,l,2,354.66,110.55,D,0,-117.692297940000003,33.720175099999999,10/26/2020
6755,33.723329999999997,-117.698139999999995,355.15,0,0,10/26/2020 0:00:00,2025,N,VIIRS,n,2,309.86,110.55,D,0,-117.698127940000006,33.723325099999997,10/26/2020
6756,33.722320000000003,-117.702979999999997,343.02,0,0,10/26/2020 0:00:00,2025,N,VIIRS,n,2,298.83,22.51,D,0,-117.702967939999994,33.722315100000003,10/26/2020
6757,33.728560000000002,-117.694010000000006,343.79,0,0,10/26/2020 0:00:00,2025,N,VIIRS,n,2,298.09,17.12,D,0,-117.693997940000003,33.728555100000001,10/26/2020
6758,33.725490000000001,-117.708720000000000,343.29,0,0,10/26/2020 0:00:00,2025,N,VIIRS,n,2,299.9,8.39,D,0,-117.708707939999996,33.725485100000000,10/26/2020
6759,33.734729999999999,-117.706360000000004,342.22,0,0,10/26/2020 0:00:00,2025,N,VIIRS,n,2,297.74,4.45,D,0,-117.706347940000001,33.734725099999999,10/26/2020
6760,33.720410000000001,-117.701490000000007,295.4,0,1,10/27/2020 0:00:00,847,N,VIIRS,n,2,284.41,0.45,N,0,-117.701477940000004,33.720405100000001,10/27/2020
6762,33.718690000000002,-117.700869999999995,307.24,0,1,10/27/2020 0:00:00,1028,N,VIIRS,n,2,287.25,1.7,N,0,-117.700857940000006,33.718685100000002,10/27/2020
6765,33.716520000000003,-117.700839999999999,308.66,0,1,10/27/2020 0:00:00,1028,N,VIIRS,n,2,287.2,1.53,N,0,-117.700827939999996,33.716515100000002,10/27/2020
6891,34.431159999999998,-77.779210000000006,329.68,0,0,2/16/2021 0:00:00,1824,N,VIIRS,n,2,293.39,2.83,D,0,-77.779207749999998,34.431153139999999,2/16/2021
6892,34.429650000000002,-77.781329999999997,333.67,0,0,2/16/2021 0:00:00,1824,N,VIIRS,n,2,293.56,3.54,D,0,-77.781327750000003,34.429643140000003,2/16/2021
6893,34.430940000000000,-77.782820000000001,319.39,0,0,2/17/2021 0:00:00,646,N,VIIRS,n,2,278.33,2.2,N,0,-77.782817750000007,34.430933140000000,2/17/2021
6992,34.430759999999999,-77.782709999999994,336.78,0,0,4/20/2021 0:00:00,1843,N,VIIRS,n,2,289.49,3.77,D,0,-77.782707750000000,34.430753140000000,4/20/2021
7032,33.441330000000001,-112.135700000000000,367,1,0,6/5/2021 0:00:00,2102,N,VIIRS,l,2,342.6,126.59,D,0,-112.135688979999998,33.441324840000000,6/5/2021
7033,33.445950000000003,-112.136269999999996,352.36,1,0,6/5/2021 0:00:00,2102,N,VIIRS,n,2,320.89,108.36,D,0,-112.136258979999994,33.445944830000002,6/5/2021
7034,33.443269999999998,-112.140640000000005,335.24,0,0,6/6/2021 0:00:00,925,N,VIIRS,n,2,297.12,3.94,N,0,-112.140628980000002,33.443264839999998,6/6/2021
7035,33.442500000000003,-112.136269999999996,321.2,0,0,6/6/2021 0:00:00,925,N,VIIRS,n,2,295.21,3.94,N,0,-112.136258979999994,33.442494840000002,6/6/2021
7036,33.443100000000001,-112.138620000000003,342.48,0,0,6/6/2021 0:00:00,925,N,VIIRS,n,2,297.68,5.65,N,0,-112.138608980000001,33.443094840000001,6/6/2021
7037,33.443860000000001,-112.142989999999998,314.48,0,0,6/6/2021 0:00:00,925,N,VIIRS,n,2,294.17,3.49,N,0,-112.142978979999995,33.443854840000000,6/6/2021
7038,33.444809999999997,-112.138490000000004,308.16,0,0,6/7/2021 0:00:00,906,N,VIIRS,n,2,292.53,0.69,N,0,-112.138478980000002,33.444804830000002,6/7/2021
7039,33.441360000000003,-112.139169999999993,308.05,0,0,6/7/2021 0:00:00,906,N,VIIRS,n,2,291.61,0.7,N,0,-112.139158980000005,33.441354840000002,6/7/2021
7101,45.427410000000002,-108.572789999999998,323.17,1,1,8/1/2021 0:00:00,832,N,VIIRS,n,2,276.65,2.41,N,0,-108.572778260000007,45.427403130000002,8/1/2021
7155,32.111409999999999,-110.878360000000001,323.9,0,0,9/11/2021 0:00:00,907,N,VIIRS,n,2,294.59,2.39,N,0,-110.878349319999998,32.111404960000002,9/11/2021
7160,45.597400000000000,-107.470600000000005,341.59,0,0,9/12/2021 0:00:00,2010,N,VIIRS,n,2,310.04,3.9,D,0,-107.470588480000004,45.597393009999998,9/12/2021
7161,45.600819999999999,-107.471480000000000,344.87,0,0,9/12/2021 0:00:00,2010,N,VIIRS,n,2,307.5,10.8,D,0,-107.471468479999999,45.600813010000003,9/12/2021
7206,34.299129999999998,-118.793689999999998,314.84,0,0,10/16/2021 0:00:00,951,N,VIIRS,n,2,289.55,1.14,N,0,-118.793677709999997,34.299125099999998,10/16/2021
7280,33.506390000000003,-111.785150000000002,314.94,1,1,12/19/2021 0:00:00,810,N,VIIRS,n,2,279.05,2.51,N,0,-111.785139049999998,33.506384810000000,12/19/2021
7281,33.507579999999997,-111.781059999999997,331.92,1,1,12/19/2021 0:00:00,810,N,VIIRS,n,2,279.25,4.05,N,0,-111.781049049999993,33.507574810000001,12/19/2021
7282,33.506180000000001,-111.776679999999999,302.45,1,1,12/19/2021 0:00:00,810,N,VIIRS,n,2,278.8,2.51,N,0,-111.776669049999995,33.506174809999997,12/19/2021
7521,33.506810000000002,-111.781009999999995,320.92,1,1,6/13/2022 0:00:00,950,N,VIIRS,n,2,297.68,4.22,N,0,-111.780999050000005,33.506804809999998,6/13/2022
7612,35.597980000000000,-77.422060000000002,336.06,0,0,8/31/2022 0:00:00,1807,N,VIIRS,n,2,304.57,3.69,D,0,-77.422057800000005,35.597972870000000,8/31/2022
7798,31.962219999999999,-106.584630000000004,301.81,1,0,3/14/2023 0:00:00,914,N,VIIRS,n,2,279.89,1.52,N,0,-106.584620229999999,31.962214790000001,3/14/2023
7832,39.839750000000002,-84.906109999999998,367,0,1,4/12/2023 0:00:00,647,N,VIIRS,h,2,285.99,3.18,N,0,-84.906105269999998,39.839742319999999,4/12/2023
7833,39.839990000000000,-84.910709999999995,296.94,0,1,4/12/2023 0:00:00,647,N,VIIRS,n,2,276.34,3.18,N,0,-84.910705269999994,39.839982319999997,4/12/2023
7834,39.834220000000002,-84.906649999999999,302.62,0,1,4/12/2023 0:00:00,647,N,VIIRS,n,2,274.85,3.18,N,0,-84.906645269999999,39.834212319999999,4/12/2023
7835,39.840679999999999,-84.905919999999995,337.23,0,1,4/12/2023 0:00:00,828,N,VIIRS,n,2,275.56,4.18,N,0,-84.905915269999994,39.840672320000003,4/12/2023
7836,39.835369999999998,-84.908450000000002,341.49,0,1,4/12/2023 0:00:00,828,N,VIIRS,n,2,272.11,4.85,N,0,-84.908445270000001,39.835362320000002,4/12/2023
7838,39.837670000000003,-84.902410000000003,341.36,0,0,4/12/2023 0:00:00,1810,N,VIIRS,n,2,302.66,7.34,D,0,-84.902405270000003,39.837662320000000,4/12/2023
7839,39.836669999999998,-84.907010000000000,340.6,0,0,4/12/2023 0:00:00,1810,N,VIIRS,n,2,302.31,5.04,D,0,-84.907005269999999,39.836662320000002,4/12/2023
7840,39.839829999999999,-84.908609999999996,295.43,0,0,4/13/2023 0:00:00,809,N,VIIRS,n,2,280.42,0.67,N,0,-84.908605269999995,39.839822320000003,4/13/2023
7876,44.374479999999998,-93.229159999999993,306.93,0,1,5/23/2023 0:00:00,717,N,VIIRS,n,2,287.13,1.41,N,0,-93.229152369999994,44.374472050000001,5/23/2023
7877,44.369940000000000,-93.228620000000006,301.17,0,1,5/23/2023 0:00:00,717,N,VIIRS,n,2,286.51,1.89,N,0,-93.228612369999993,44.369932050000003,5/23/2023
7878,44.371620000000000,-93.224559999999997,297.54,1,1,5/23/2023 0:00:00,858,N,VIIRS,n,2,285.43,2.19,N,0,-93.224552369999998,44.371612050000003,5/23/2023
7894,35.310260000000000,-106.623829999999998,341.67,0,0,6/18/2023 0:00:00,2033,N,VIIRS,l,2,316.49,5.71,D,0,-106.623819979999993,35.310254270000001,6/18/2023
7896,35.278199999999998,-106.670000000000002,301.57,0,1,6/21/2023 0:00:00,816,N,VIIRS,n,2,285.21,0.43,N,0,-106.669989970000003,35.278194280000001,6/21/2023
7918,32.117030000000000,-110.886570000000006,308.57,0,1,7/1/2023 0:00:00,830,N,VIIRS,n,2,292.97,0.77,N,0,-110.886559320000003,32.117024960000002,7/1/2023
7919,32.111699999999999,-110.887090000000001,307.67,0,1,7/1/2023 0:00:00,830,N,VIIRS,n,2,291.85,0.37,N,0,-110.887079319999998,32.111694960000001,7/1/2023
7941,45.426160000000003,-108.575689999999994,299.52,0,0,7/15/2023 0:00:00,904,N,VIIRS,n,2,283.25,0.65,N,0,-108.575678260000004,45.426153130000003,7/15/2023
7960,32.324300000000001,-106.704750000000004,345.37,0,0,7/25/2023 0:00:00,2038,N,VIIRS,l,2,316.83,9.16,D,0,-106.704740180000002,32.324294729999998,7/25/2023
7973,44.016300000000001,-121.252290000000002,308.19,0,0,8/3/2023 0:00:00,949,N,VIIRS,n,2,283.25,1.71,N,0,-121.252276050000006,44.016294440000003,8/3/2023
8043,45.425080000000001,-108.574889999999996,301.79,0,1,9/19/2023 0:00:00,826,N,VIIRS,n,2,278.23,0.75,N,0,-108.574878260000006,45.425073130000001,9/19/2023
8063,33.506790000000002,-111.772930000000002,299.84,0,0,10/1/2023 0:00:00,944,N,VIIRS,n,2,288.91,14.61,N,0,-111.772919049999999,33.506784809999999,10/1/2023
8064,33.508910000000000,-111.782560000000004,303.99,0,0,10/1/2023 0:00:00,944,N,VIIRS,n,2,289.06,12.33,N,0,-111.782549050000000,33.508904809999997,10/1/2023
8065,33.507849999999998,-111.777739999999994,353.64,0,0,10/1/2023 0:00:00,944,N,VIIRS,n,2,301.1,14.61,N,0,-111.777729050000005,33.507844810000002,10/1/2023
8066,33.512090000000001,-111.776460000000000,344.13,0,0,10/1/2023 0:00:00,944,N,VIIRS,n,2,294.21,14.61,N,0,-111.776449049999997,33.512084809999998,10/1/2023
8068,33.510910000000003,-111.778000000000006,351.29,1,1,10/1/2023 0:00:00,1923,N,VIIRS,n,2,298.85,10.14,D,0,-111.777989050000002,33.510904810000000,10/1/2023
8069,33.511690000000002,-111.774640000000005,340.75,1,1,10/1/2023 0:00:00,2103,N,VIIRS,n,2,304.59,7.18,D,0,-111.774629050000001,33.511684809999998,10/1/2023
8070,33.506970000000003,-111.774039999999999,343.8,1,1,10/1/2023 0:00:00,2103,N,VIIRS,n,2,309.18,11.5,D,0,-111.774029049999996,33.506964809999999,10/1/2023
8071,33.508929999999999,-111.779610000000005,328.75,0,0,10/2/2023 0:00:00,926,N,VIIRS,n,2,293.63,4.63,N,0,-111.779599050000002,33.508924810000003,10/2/2023
8072,33.508150000000001,-111.775139999999993,324.4,0,0,10/2/2023 0:00:00,926,N,VIIRS,n,2,291.89,2.74,N,0,-111.775129050000004,33.508144809999997,10/2/2023
8075,33.508670000000002,-111.775599999999997,348.81,0,0,10/2/2023 0:00:00,2044,N,VIIRS,n,2,315.65,5.48,D,0,-111.775589049999994,33.508664809999999,10/2/2023
8080,33.509940000000000,-111.779740000000004,309.75,0,0,10/3/2023 0:00:00,907,N,VIIRS,n,2,292.27,2,N,0,-111.779729050000000,33.509934809999997,10/3/2023
8081,33.509340000000002,-111.775329999999997,311.32,0,0,10/3/2023 0:00:00,907,N,VIIRS,n,2,291.88,1.43,N,0,-111.775319049999993,33.509334809999999,10/3/2023
8154,31.963290000000001,-106.586039999999997,298.81,0,0,11/15/2023 0:00:00,901,N,VIIRS,n,2,280.08,0.98,N,0,-106.586030230000006,31.963284789999999,11/15/2023
